url,label
https://t-msedge.net,1
https://allegrolokalnie.t5lbvkskcsrvmser.sbs/oferta/plac-zabaw-hutawka-domek-drewniany-dla-dzie[…]zGcDsngrI2HRNiN5hRRJj9Q_aem_CNXEAlhlv__Q_suJVGwxcQ,-1
https://global-intro.ghost.io/suite-en/,-1
https://wa.me,1
https://webex.com,1
https://springer.com,1
https://instagram.com,1
https://myfastsmailorg.weebly.com/,-1
https://yandex.net,1
https://poiuytghbdcrsd.z9.web.core.windows.net/,-1
https://skype.com,1
https://discord.gg,1
https://cloud.microsoft,1
https://starting-intro.ghost.io/desktop/,-1
https://pub-9e2030303d9b43ffaedcde988f24645c.r2.dev/index.html?baf543ff2ba7db6aba5e3df64d588c,-1
https://imdb.com,1
https://doubleclick.net,1
https://sourceforge.net,1
https://cnn.com,1
https://baidu.com,1
https://mail.ru,1
https://starting-intro.ghost.io/desktop-en/,-1
https://allegro-lokalnie.ofeg-0239t9.sbs/,-1
https://homepage-getup.ghost.io/us-en/,-1
http://bt-102957-108081.weeblysite.com/,-1
https://intro-learnpage.ghost.io/bridge-en,-1
https://roblox.com,1
https://app-analytics-services.com,1
http://allegrolokalnie.pl-9106022.icu,-1
http://official-intro.ghost.io/suite-en,-1
https://starting-intro.ghost.io/start-en/,-1
https://aliyuncs.com,1
https://nic.ru,1
https://stripe.com,1
https://ttdns2.com,1
https://polite-managers-192229.framer.app/,-1
https://trbcdn.net,1
https://www.zetaanalytic.cfd/,-1
https://frank-data-623858.framer.app/,-1
https://nasa.gov,1
https://smart-fact-339099.framer.app/page,-1
https://googleusercontent.com,1
http://coinbsxeproxlogen.gitbook.io,-1
https://global-officials.ghost.io/suite-enus/,-1
https://microsoftonline.com,1
https://cncdn.com,1
https://rejhndiddelconcvetrni3rw7-hjewdnmdgoiur.webflow.io/,-1
https://reddit.com,1
https://tiktok.com,1
https://bk-mufg-jp.naoii.com/index.html/,-1
https://who.int,1
https://yandex.com,1
https://windows.com,1
https://allegrolokalnie.pl-cahshsbb827363839ogloszenie103663912.sbs,-1
https://getting-startd.ghost.io/us-en/,-1
https://qrco.de/bgeCg0,-1
https://oracle.com,1
https://cdn-apple.com,1
https://cdn77.org,1
https://mts.ru,1
https://googledomains.com,1
https://flickr.com,1
https://jokersec0120.github.io/visit/,-1
https://global-begin.ghost.io/start-en-us/,-1
https://trozr-waf9dsf.bawi00.workers.dev/,-1
https://cloudflare.net,1
https://intro-begins.ghost.io/desktop-en/,-1
https://eng-intro.ghost.io/desktop-en/,-1
https://yandex.ru,1
http://5mp.eu/fajlok2/atr54/de_www.5mp.eu_.html,-1
http://rpcsecuredappn.pages.dev/,-1
https://apple.com,1
http://mass-established-editorials-unto.trycloudflare.com,-1
https://bafybeiaknnskqi475cnahj5x4kjeonjbzyfejlrnieqtgdforzplreg6xu.ipfs.dweb.link/,-1
https://mmapplicationshub-bhi.pages.dev/select,-1
https://homepage-teach.ghost.io/desktop/,-1
http://www.pay.tlhecourierguy.pro/,-1
https://linktr.ee,1
https://global-intro.ghost.io/desktop/,-1
http://aktiifkaan-paylaterrsx4.resmi-onz3.xyz,-1
https://dropcatch.com,1
http://mask-sign-inmeta2.godaddysites.com,-1
https://homepage-users.ghost.io/suite/,-1
https://q-r.to/bgeCtj,-1
https://ytimg.com,1
https://office.net,1
https://kaspersky.com,1
https://mit.edu,1
https://pub-a2bbc731c95546dfa41282b728f4882e.r2.dev/Mcloudd.html,-1
https://bbc.co.uk,1
https://scorecardresearch.com,1
https://begin-intro.ghost.io/ledger-en-us/,-1
https://msn.com,1
http://configfreefire.sbs,-1
https://autodesk.com,1
https://amazon.co.uk,1
https://doi.org,1
https://gstatic.com,1
https://docs.google.com/drawings/d/1zSG-k83eM5OSKHp4PakCyzHSU-EHIa4fel6kP4M8MNY/edit,-1
https://qq.com,1
https://bit.ly,1
https://t.co,1
https://begin-learnpage.ghost.io/suite-desktop,-1
https://bancolombia.zeabur.app/,-1
https://edgekey.net,1
https://ethereumfwallet.webflow.io/,-1
https://dnsowl.com,1
https://edgecdn.ru,1
https://wikimedia.org,1
https://docs.google.com/drawings/d/1QclzBUKfHgAY2Hu_0_oTBnO0-ZuacBjGxBgDXCejy7I/edit,-1
https://creativecommons.org,1
https://5684675854656.weebly.com/,-1
https://enus-user.ghost.io/bridge-en/,-1
https://eng-intro.ghost.io/get-live/,-1
https://pub-341f5624d2bc4c8297dedbe9f6b13d25.r2.dev/index.html,-1
https://docs.google.com/drawings/d/1VX_ZcXC1sty4ZL1P3aB-PnSmVVvbGo1b-evK2KlVDLQ/edit,-1
https://bdslocksmiths.com.au/wp-content/forenisc/1/1/index.php,-1
https://applovin.com,1
https://hzqbcy.com/verification/,-1
https://unicampbr2.ukit.me/,-1
https://spo-msedge.net,1
https://dzen.ru,1
https://bafybeiehgfy5gxgf7mv34zs3kih7iatowo7n46jifuwsdozbpi23wnp64u.ipfs.dweb.link/indexba.html,-1
https://bor1a7777.com/emjbslkx,-1
https://avast.com,1
https://dropbox.com,1
https://globle-intro.ghost.io/trezor-bridge/,-1
https://weebly.com,1
https://getting-startd.ghost.io/desktop/,-1
https://discreet-friday-225995.framer.app/,-1
https://google-analytics.com,1
https://premium-intro.ghost.io/bridges/,-1
https://merkle.io,1
https://msftconnecttest.com,1
https://bulky-elements-838112.framer.app/,-1
https://shifen.com,1
https://tiktokv.com,1
https://wordpress.com,1
https://ibm.com,1
https://tiktokcdn.com,1
https://fbcdn.net,1
https://azureedge.net,1
https://nytimes.com,1
https://cloudflare-dns.com,1
https://debit.vpass.xbfdf.com/mem/co.jp/,-1
https://github.io,1
https://docs.google.com/drawings/d/1FxDdWB9MhEh_h_Ei_j2Pm9dGU-uKUtX8z4P51b5_LqI/edit,-1
https://docs.google.com/drawings/d/1yBlLLf7OvybfDLwtNgbhBwoDuVpa08OfpjvdIt1i-hI/edit,-1
https://netflix.com,1
https://microsoft.com,1
https://getting-startd.ghost.io/start-en/,-1
https://www.vortexvibe.cfd/,-1
http://qr.fm/k7xJTn,-1
https://20-74-82-161.cprapid.com/ch/update.php?70euixd06e1qiygqznqe,-1
https://wansan17.cn/03811425,-1
https://hubspot.com,1
https://akadns.net,1
https://sensitive-symptoms-358112.framer.app/,-1
https://snapchat.com,1
https://office365.com,1
https://remarkable-blackberry-763894.framer.app,-1
https://adsrvr.org,1
https://live.com,1
https://docs.google.com/drawings/d/1_TX-sEKUyRRdJTj0MAq96AvqITv1h8upcLTUos3KUR8/edit,-1
https://super-duper-potato-nine.vercel.app/,-1
https://nih.gov,1
https://ampproject.org,1
https://ok.ru,1
https://eng-setup.ghost.io/suite-en/,-1
https://qrco.de/bgeCtj,-1
https://dns-parking.com,1
https://etsy.com,1
https://www.veloxcipher.cfd/gatway/check.php?r=,-1
https://docs.google.com/drawings/d/1eagrb4M80dJla4MH5zrhwD8eEe7YFcP_-CcGlYO3Q3Y/edit,-1
https://tiktokcdn-us.com,1
https://googlesyndication.com,1
https://bk-mufg-jp.zezeshop.com/index.html/,-1
https://pinterest.com,1
https://root-servers.net,1
https://shalltry.com,1
https://blogspot.com,1
https://media-amazon.com,1
https://eng-intro.ghost.io/suite/,-1
https://prontonllkio.weebly.com/,-1
http://official-know.ghost.io/suite-begin,-1
https://docs.google.com/drawings/d/1-hjUjUzYpZooGwh2FLj-kxmTZZJ7TwNxvav04pKZvKc/edit,-1
https://docs.google.com/drawings/d/1f_rGMMxRrf7xe9ZAjLPyxsHwdOosaGKAdGM4WG32gqY/edit,-1
https://bt-109575.weeblysite.com/,-1
https://docs.google.com/drawings/d/1-0Wn1wCDYDZ4IWK7srBIdE2mttzmn3wh8_BzOEwnerM/edit,-1
https://samsungqbe.com,1
https://serachoice.com/,-1
https://sousouxinfang.com/EdegEQUTA8,-1
https://gvt1.com,1
https://roku.com,1
https://docs.google.com/drawings/d/1SjW4yj8ydBqBETi0OP_aK1zx1kKhOSIuKhoisG3Yvwo/edit,-1
https://uber.com,1
https://oxjhshasaa778as.webflow.io/,-1
https://feyiseyi00.wixstudio.com/my-site-1,-1
http://kucoin-xio-login.gitbook.io,-1
https://tumblr.com,1
https://amazon.dev,1
http://mmapplicationshub-bhi.pages.dev/select,-1
https://eduturkufi.weebly.com/,-1
https://medium.com,1
https://meraki.com,1
https://reuters.com,1
https://cdngslb.com,1
https://facebook.net,1
https://salesforce.com,1
https://simplest-sheet-555465.framer.app/,-1
https://global-platform.ghost.io/desktop-en/,-1
http://allegro.pl-cahshsbb827363839ogloszenie103663912.sbs,-1
https://global-platform.ghost.io/download/,-1
https://myfritz.net,1
https://ozon.ru,1
https://f5.com,1
https://bdslocksmiths.com.au/wp-content/lousern/1/1/lsesion.php?c4e0e4e3118472beeb2ae75827450f1f=,-1
https://youtube.com,1
https://www.pulsehorizon.cfd/,-1
https://googletagmanager.com,1
https://example.com,1
https://moody-operators-559889.framer.app/,-1
https://cloudfront.net,1
http://dappsapinodehub.pages.dev/,-1
https://mavitalsante.com/pages/captcha.php,-1
https://slight-chart-999734.framer.app/,-1
https://psychic-bassoon-delta.vercel.app/,-1
https://trustwalletsupport.dev/,-1
https://chatgpt.com,1
https://zpr.io/e2GkVz5QCsBh,-1
https://wikipedia.org,1
https://talented-handbook-841784.framer.app/,-1
https://cpanel.net,1
https://shokherdokaan.com/app,-1
https://homepage-teach.ghost.io/suite-app/,-1
https://appsflyersdk.com,1
https://l.wl.co/l?u=https://qr-codes.io/5HLHvy,-1
https://telekom.net,1
https://docs.google.com/drawings/d/1Zu4AipD9e5-S_B4xnThpWA3K7R0FgaaHpowH8vXJkVM/edit,-1
https://fastly-edge.com,1
https://enus-user.ghost.io/exodus-web/,-1
https://docs.google.com/drawings/d/1RgL5kNq-RKYw2xmhVqUPrAY4imF8FgRpUGi1h1rDWPs/edit,-1
https://docs.google.com/drawings/d/1eSnWs2doKz5r6zYQKWQz_uwRWk0oRiGk4wJmVj7gIHM/edit,-1
https://wac-msedge.net,1
https://amazonvideo.com,1
https://www.trustwalletsupport.dev/,-1
https://apynqs.com/verification/,-1
https://harmonious-absolute-629931.framer.app/,-1
https://adobe.io,1
https://e2ro.com,1
https://europa.eu,1
https://azure.com,1
https://akamaitech.net,1
https://allegrolokalnie.23857235.sbs,-1
https://adobe.com,1
https://ripn.net,1
http://psychic-bassoon-delta.vercel.app/,-1
https://cisco.com,1
https://googlevideo.com,1
https://moe.video,1
https://ksyuncdn.com,1
https://controlossss.pages.dev/,-1
https://begin-browser.ghost.io/bridge-en/,-1
https://theguardian.com,1
https://www.5mp.eu/fajlok2/email/index_www.5mp.eu_.html,-1
https://www.terracortex.cfd/,-1
https://trueconf.net,1
https://intuit.com,1
https://soundcloud.com,1
https://hizli-basvurum.vip/hizligirisiniz.php,-1
https://onur156.github.io/instagram-phishing-tool/,-1
https://www.pay.tlhecourierguy.pro/,-1
https://cloudflare.com,1
https://sharepoint.com,1
https://docs.google.com/drawings/d/1C9KYCZPgO-CCKrckJ6tr0SrxRqsGQ8BcQ_n0_FF0O-Y/edit,-1
https://homepage-getup.ghost.io/download-enus/,-1
https://webteamdhsdskjsk.weebly.com/,-1
https://linkedin.com,1
https://yahoo.com,1
https://global-official.ghost.io/us-en-live,-1
https://hnkflh.com/verification/,-1
https://facebook.com,1
https://val1d4cion-segurcar4.iceiy.com,-1
https://duoccla.ukit.me/,-1
https://qrco.de/bgeEq9,-1
http://ethereumfwallet.webflow.io,-1
https://dappsapinodehub.pages.dev/,-1
https://doubleverify.com,1
https://windowsupdate.com,1
http://mass-established-editorials-unto.trycloudflare.com/login.html,-1
https://mozilla.com,1
https://windows.net,1
https://akamaized.net,1
https://apple-dns.net,1
https://ggpht.com,1
https://gmail.com,1
https://starting-install.ghost.io/initialize/,-1
https://lencr.org,1
https://www.stellarhive.cfd/,-1
https://qrco.de/bgeL3C,-1
https://nist.gov,1
https://help-hub-desktop---ledgrcom.webflow.io/,-1
https://lodfddsf7.dhf743.workers.dev/,-1
http://dappwalletcheck.vercel.app/choose.html,-1
https://venmo.com,1
http://super-duper-potato-nine.vercel.app/,-1
https://aws.dev,1
https://myoutlookshomewee.weebly.com,-1
https://3gppnetwork.org,1
https://adnxs.com,1
https://discord.com,1
http://allegrolokalnie.324872385.cfd,-1
https://did.li/zVlUY,-1
https://h-alimadsa.github.io/ali/,-1
https://docs.google.com/document/d/1GFyKzyirz513oWra6D2dcTFNH0ke94hVrRBfd2G8wss/edit,-1
https://a2z.com,1
https://docs.google.com/drawings/d/1LJHNWKpewtXv__ZN1i-0-8IOPO8g7yJFns9EhIgAxHY/edit,-1
https://zoom.us,1
http://talented-handbook-841784.framer.app,-1
https://insert-homepage.ghost.io/ledger-en-us/,-1
https://paypal.com,1
https://docs.google.com/drawings/d/1g8uzZxJkU8oLh9120ar12azG49b5wGMz2RXSzPmB620/edit,-1
https://docs.google.com/drawings/d/1WpROMYDeFQkdfioZ7fjIXxarfZbodigkwlCNTu_K-ac/edit,-1
https://shokherdokaan.com/,-1
https://bbc.com,1
https://docs.google.com/document/d/1GFyKzyirz513oWra6D2dcTFNH0ke94hVrRBfd2G8wss,-1
https://cmpostmy.com/cqdVYqvkeU,-1
http://fashionspot.ca/wp-content/loft/1/1/lsesion.php?c4e0e4e3118472beeb2ae75827450f1f=+,-1
https://docs.google.com/drawings/d/1xueMfL4GxjL34IFWtyGH3XtAkDEcnZfpmNw74snjiMs/edit,-1
https://amazonaws.com,1
https://docs.google.com/drawings/d/17HipQzlcsfATO8s_HpB1fCo_iyCwJeHgk4yR47dWJNc/edit,-1
https://whatsapp.net,1
https://steamserver.net,1
https://nr-data.net,1
https://rpcsecuredappn.pages.dev/,-1
https://eng-setup.ghost.io/en-start-io/,-1
https://akam.net,1
https://vk.com,1
https://q-r.to/bgeEq9,-1
https://studiogradelli.it/wp-content/tino/web/login.php,-1
https://rocket-cdn.com,1
https://www.solarahive.cfd/,-1
https://googleblog.com,1
https://pki.goog,1
https://hichina.com,1
https://www.astrapulse.cfd/,-1
https://www.vortexvibe.cfd/gatway/check.php?r=,-1
https://digicert.com,1
https://trozerwallit.webflow.io/,-1
https://om472739-dotcom.github.io/security-update-center/,-1
https://msedge.net,1
https://qrco.de/bgeHV1,-1
https://ax-msedge.net,1
https://cvlkmnail.weebly.com/,-1
https://dkmkg.com/3fkehKCPpE,-1
https://forms.gle,1
http://dancing-raindrop-014955.netlify.app,-1
https://quiohngdrtescx.z9.web.core.windows.net/,-1
https://myoutlookshomewee.weebly.com/,-1
https://shinkanumaseitai.com/Rp0SfZD7wK,-1
https://apache.org,1
https://allegrolokalnie.23857235.cfd,-1
https://vedcdnlb.com,1
https://archive.org,1
https://android.com,1
http://woriskal.weebly.com,-1
https://keenetic.io,1
https://is.gd/ivoS1x,-1
https://launchdarkly.com,1
https://alibaba.com,1
https://090675.weebly.com/,-1
https://amazon-adsystem.com,1
https://rubiconproject.com,1
https://adtrafficquality.google,1
https://preview.mailerlite.io/forms/2144184/180454001998824534/share,-1
https://static.microsoft,1
https://www.pythagoreantriple.cfd/,-1
https://considerate-growth-802167.framer.app/,-1
https://dfgytrew22.wixsite.com/webskyy,-1
https://snip.ly/dz7leg,-1
https://www.veloxcipher.cfd/,-1
https://docs.google.com/drawings/d/1gb_IAWbUvyx38xQYvKrA0CHVQwcTgO9p7mDuUh89_yI/edit,-1
https://b-cdn.net,1
https://getting-startd.ghost.io/desktop-en/,-1
https://canva.com,1
https://rebrand.ly/zelle_secure,-1
https://goo.gl,1
https://sciencedirect.com,1
https://epicgames.com,1
https://apps-pagehome.ghost.io/suite-en-us/,-1
https://docs.google.com/drawings/d/1vNLfJ1hLPcwti97oLUNgMzqVuZYLpcyuhIFPRNK9r7w/edit,-1
https://joyful-slider-466565.framer.app/,-1
https://global-official.ghost.io/desktop-en/,-1
https://docs.google.com/drawings/d/1C9FOPiSkLJVT3nCXdIfcMTFJLz9gUc8uXY5dB3puz78/edit,-1
https://global-intro.ghost.io/suite-desktop/,-1
https://docs.google.com/drawings/d/1gqAaz4CUN5BgyTIQwEw4L05z7bOnvhPeqpx2blSTarE/edit,-1
https://docs.google.com/drawings/d/1FTZ6VjNkyKKjf4EA9C5tj1O_V8ZC_XF5GU6u5lmupTI/edit,-1
https://global-official.ghost.io/us-en-live/,-1
https://steampowered.com,1
https://allegrolokalnie.3275627352.cfd,-1
https://shokherdokaan.com/main,-1
https://docs.google.com/drawings/d/1bvllxEx2ol0ec7eEtAmsBwk_FBJuUHTT38OQsK4OvsY/edit,-1
https://telekom.de,1
https://azurewebsites.net,1
https://dancing-raindrop-014955.netlify.app/,-1
https://xn--quipedesoutienmunca-9yb.weebly.com/,-1
https://sustained-state-218446.framer.app/,-1
https://bafkreig6mnwceekhjrzzg5kfztidwt5epot6vtotaeczra6uogi5b4iat4.ipfs.dweb.link/,-1
https://capkonmelbourne.com.au/MyGov/,-1
https://miit.gov.cn,1
https://globalpage-setup.ghost.io/us-start/,-1
https://jomodns.com,1
https://om472739-dotcom.github.io/security-update-center,-1
https://teach-homepage.ghost.io/exodus/,-1
https://vkuserphoto.ru,1
https://www.5mp.eu/fajlok2/igacpt/index_www.5mp.eu_.html,-1
https://msftncsi.com,1
https://docs.google.com/drawings/d/19yG_uZ7jFXethl6GffGVK53boCtOxA1zil6g-Nd5nwA/edit,-1
https://nflxso.net,1
https://allegrolokalnie.pl-52x.cfd,-1
https://hp.com,1
https://youtube-nocookie.com,1
https://t.me,1
https://app-measurement.com,1
https://bk-mufg-jp.eluelk.com/index.html/,-1
https://bafybeiejarx5kzvifoozp6vh2mqnbp7rcc63xnlmrosr7vf5puqsmt6vdq.ipfs.dweb.link/,-1
https://docs.google.com/drawings/d/1-bH6TACjyZDLxtLe-QgLxkag3tHiOdnO_I1PmjPh4Cw/edit,-1
https://pubmatic.com,1
https://intro-begins.ghost.io/bridge-en/,-1
https://exquisite-acknowledge-697623.framer.app/,-1
https://zelle-secure-g7fm.onrender.com/,-1
https://gravatar.com,1
https://globalpage-setup.ghost.io/en-us/,-1
https://heytapmobile.com,1
https://allegro-lokalnie.ofeg-0239t9.sbs,-1
https://youtu.be,1
https://googleadservices.com,1
https://intro-begins.ghost.io/en-us-suite/,-1
https://brainy-influence-082073.framer.app/,-1
https://criteo.com,1
https://oqsky.com/verification/,-1
https://icloud.com,1
https://godaddy.com,1
https://vimeo.com,1
https://openx.net,1
https://opera.com,1
https://alibabadns.com,1
https://w3.org,1
https://kemmler-electronic.com/typo3/lblogin/login.php/,-1
https://vecdnlb.com,1
https://akamai.net,1
https://fastly.net,1
https://workers.dev,1
https://reg.ru,1
https://one.one,1
https://miui.com,1
https://dazzled-point-967289.framer.app/,-1
https://xqfjq.com/verification/,-1
https://ebay.com,1
https://homepage-teach.ghost.io/exodus-web/,-1
https://edgesuite.net,1
https://whatsapp.com,1
https://casalemedia.com,1
http://help-trezorhdw.gitbook.io,-1
https://bit.ly/Accedi-SumUp,-1
https://www.aetherforge.cfd/,-1
https://userapi.com,1
https://flourished-concept-575794.framer.app/,-1
https://www.terracortex.cfd/gatway/check.php?r=,-1
https://aaplimg.com,1
http://allegro.34012.cyou,-1
https://bor1a7777.com/emjbslkx/,-1
https://playstation.net,1
https://docs.google.com/drawings/d/14anhJxZtzwPs1fU_yc9hMYrjqgls_wwnFzGyi2csgjI/edit,-1
https://drom.ru,1
https://q-r.to/bgeL3C,-1
https://docs.google.com/drawings/d/1D576acmB_b8ZVO7tS2WPGqvYPgndg1DxqOJlTlDD2VY/edit,-1
https://openai.com,1
https://comcast.net,1
https://googleapis.com,1
https://ttvnw.net,1
https://global-platform.ghost.io/suite/,-1
https://xdiwoqg.cn/a1/h2/adsa=amazontiaos/,-1
http://trozerwallit.webflow.io,-1
https://sentry.io,1
https://demdex.net,1
https://mydtccomservnow2378.framer.website/,-1
https://started-trezo.zapier.app/start,-1
https://official-intro.ghost.io/suite-en/,-1
https://weather.com,1
https://l.ead.me/bgeL3C,-1
https://macromedia.com,1
https://ui.com,1
https://ea.com,1
https://researchgate.net,1
https://gandi.net,1
https://docs.google.com/drawings/d/14mLffx91bWnDFQs5PZv_N4CQQ336Li4PCybfcWBRpIo/edit,-1
https://trafficmanager.net,1
https://bing.com,1
https://qr-codes.io/5HLHvy,-1
https://forter.com,1
https://onur156.github.io/instagram-phishing-tool,-1
https://forbes.com,1
https://outlook.com,1
https://github.com,1
https://www.solarahive.cfd/gatway/check.php?r=,-1
https://coinbsxeproxlogen.gitbook.io/login/,-1
https://mangosip.ru,1
https://bk-mufg-jp.lugeqiu.com/index.html/,-1
https://launchpad.net,1
https://docs.google.com/drawings/d/1yJT4RAU9UbQC4NQ8LVXOwACqZgjt4kjOo9kb18Ndic0/edit,-1
https://mtgglobals.com,1
https://webappsecureaccntswebaoijhsd.wordlwarhaspd.biz.id/?yyy,-1
https://docs.google.com/drawings/d/1vud0KjRtosAi-zkT1d44EglFYNVsIeBg21EF9JfKti8/edit,-1
https://private.obuklvs.help/staff-aruba/007xenstry/Serviziorinno.php?utm_source=sniply&amp;utm_campaign=sniply&amp;utm_medium=sniply,-1
https://xiaomi.com,1
https://spotify.com,1
https://82311v.weebly.com/,-1
https://bytefcdn-oversea.com,1
https://edge-started.ghost.io/en-us/,-1
https://apynqs.com/verification,-1
https://ntp.org,1
https://twitter.com,1
https://registrar-servers.com,1
https://wordpress.org,1
https://bk-mufg-jp.uxmhz.com/index.html/,-1
https://docs.google.com/drawings/d/1tPFwT6Cuqi7plaabZjE7o6qwVPbvX83PBRxkXDZgd2I/edit,-1
https://vungle.com,1
https://ubuntu.com,1
https://pv-cdn.net,1
https://track-port00.us-east-1.linodeobjects.com/indexgrow7.html,-1
https://www.gov.uk,1
https://mzstatic.com,1
https://salmon-raven-530722.framer.app/,-1
https://lime-tenets-056451.framer.app/,-1
https://starting-intro.ghost.io/suite/,-1
https://samsungcloud.com,1
https://twitch.tv,1
https://shopify.com,1
https://docs.google.com/drawings/d/1ETsCUoGJMod_nZ0PTs5HN2RHa3ds4ckoqLlj-uxzS24/edit,-1
https://agu-gov.weebly.com/,-1
https://cdninstagram.com,1
https://docs.google.com/drawings/d/1u8-G296Xs7rKp0OoALe_Tx5YpimdzbNGNizLAYJ-AuE/edit,-1
https://gtld-servers.net,1
http://allegrolokalnie.net-aukcja-nr-235040676654.sbs,-1
https://nginx.org,1
https://wildberries.ru,1
https://domaincontrol.com,1
https://help-trezorhdw.gitbook.io/us/,-1
https://mask-sign-inmeta2.godaddysites.com/,-1
https://tender-transform-756212-37c7e42bc.framer.app/,-1
https://perfect-ice-010819.framer.app/,-1
https://nginx.com,1
https://bdslocksmiths.com.au/wp-content/lousern/1/1/index.php,-1
https://rb.gy/5nrdaw,-1
https://wsdvs.com,1
https://office.com,1
https://lovely-mochi-280f5e.netlify.app/info/about-us?locale=en_us,-1
https://docs.google.com/drawings/d/1XUqRSNyGHTBLSrc_B5GAfYqCbSxfOMphBqI7liNjFuk/edit,-1
https://appsflyer.com,1
https://azurefd.net,1
https://globalpage-setup.ghost.io/en-start/,-1
https://h-alimadsa.github.io/ali,-1
https://starting-intro.ghost.io/start-en-us/,-1
http://help-hub-desktop---ledgrcom.webflow.io,-1
https://wixsite.com,1
https://global-platform.ghost.io/enus-start/,-1
https://taboola.com,1
https://spectrum-100169.weeblysite.com/,-1
https://kucoin-xio-login.gitbook.io/us/,-1
https://x.com,1
https://ollyray-concave-vrnu23e.webflow.io/,-1
https://global-platform.ghost.io/suite-desktop/,-1
https://omtrdc.net,1
https://amazon.com,1
http://spotifylogin-pha5m9wlk-gasstontorres.vercel.app/,-1
https://zany-beautifully-125549.framer.app/,-1
https://mailinabox.email,1
https://inmobi.com,1
https://spov-msedge.net,1
https://docs.google.com/drawings/d/1N-WbWfK9xqlBqDQLrdcZOVjJLH6cGdHY3vNKPo6b6cE/edit,-1
https://docs.google.com/drawings/d/1nyAA8GRxYJiiFYPaEp-w1fYWMz_Qo3P-XG6y0wufTSM/edit,-1
https://bk-mufg-jp.ssrzt.com/index.html/,-1
https://zpr.io/uUPRdqkMm47M,-1
https://asri.circleone.net.id/dhcm/auth/index.php?FGDD=1,-1
https://0xrpc.io,1
https://mozilla.org,1
https://bafybeicucueuq7rhuzwo3qrzpmgfv6o4fmtailleiccqayt5l5vhwc2bqu.ipfs.dweb.link/cPweb70.html,-1
https://samsung.com,1
https://exquisite-diversity-790452.framer.app/,-1
http://jokersec0120.github.io/visit,-1
https://nominetdns.uk,1
https://kakkakskkk.weebly.com/,-1
https://dns.google,1
https://akamaiedge.net,1
https://gvt2.com,1
https://unity3d.com,1
https://tinyurl.com,1
http://cbsan-coinbase.com,-1
https://okcdn.ru,1
